filename,verified_label,width,height,phash
Korean_str_0.jpg,korean_street,236,420,e7929a9a9c699961
Korean_str_1.jpg,korean_street,236,419,e7b2d0c787e4381a
Korean_str_2.jpg,korean_street,236,420,b4b6cf24d1b292c6
Korean_str_3.jpg,korean_street,236,420,d66de124a9da90da
Korean_str_4.jpg,grunge_punk,236,315,c6d7b1988f8f3888
Korean_str_5.jpg,korean_street,236,354,b5995ad24a636ed0
Y2K_pastel_0.jpg,y2k_pastel,236,420,ce2629b396da293c
Y2K_pastel_1.jpg,y2k_pastel,236,295,8b0362f5b6ee7212
Y2K_pastel_2.jpg,y2k_pastel,236,354,fab48c4ba354d0ab
Y2K_pastel_3.jpg,y2k_pastel,236,315,984e1a1efc91b2e5
Y2K_pastel_4.jpg,y2k_pastel,236,381,b3e43293c76d8c1a
Y2K_pastel_5.jpg,y2k_pastel,236,419,bc6870a5b1334fd2
Y2K_pastel_6.jpg,y2k_pastel,236,315,ad696927a5246763
Y2K_pastel_7.jpg,y2k_pastel,236,213,951f394e7829236d
Y2K_pastel_8.jpg,denim_on_denim,236,236,e96e85d45e8b8b0a
Y2K_pastel_9.jpg,y2k_pastel,236,295,e96967e6c696b090
athleisure_0.jpg,athleisure,236,419,b099c36db31d2c4e
athleisure_1.jpg,athleisure,236,420,cbed0cb632b34b48
athleisure_2.jpg,athleisure,235,365,f2fb29044eda7131
athleisure_3.jpg,athleisure,236,318,a6a6d899d30db1cc
athleisure_4.jpg,athleisure,236,444,8c19eb6713f23319
athleisure_5.jpg,athleisure,236,419,ecc1d5bc921b4be0
boho_beach_0.jpg,boho_beach,236,420,cce632125b191df9
boho_beach_1.jpg,boho_beach,236,419,a3029dda70f51d87
boho_beach_10.jpg,boho_beach,235,419,b6f68b88d0c98dc9
boho_beach_2.jpg,boho_beach,236,354,b2b366420d8ef9d8
boho_beach_3.jpg,boho_beach,236,420,b5a1e78b18ce8e1c
boho_beach_4.jpg,evening_gown,236,419,b4d3cb65c2c78c1c
boho_beach_5.jpg,boho_beach,236,295,b3f34c4cccb33341
boho_beach_6.jpg,boho_beach,236,422,b6e51b8d499ed091
boho_beach_7.jpg,boho_beach,236,236,ec9cc299a5b49393
boho_beach_8.jpg,boho_beach,235,305,f38ca8b0ceed9033
boho_beach_9.jpg,boho_beach,236,291,d9b5eb1a4ee1ac01
business_c_12.jpg,business_casual,236,314,a3cbdd4c9e24c932
business_c_13.jpg,business_casual,236,318,b338db83c3658c36
business_c_14.jpg,business_casual,236,314,a747b15bca0e5e50
business_c_15.jpg,officewear,236,315,b4bc1e1ee143c3e1
business_c_16.jpg,business_casual,236,315,b04f5d3623366374
business_c_17.jpg,business_casual,236,295,a19b5b67324dcc98
business_c_18.jpg,business_casual,236,315,8cae19b0a70773f2
business_c_19.jpg,business_casual,236,354,edca99b18c718335
cottagecor_0.jpg,cottagecore,236,314,e2b716d23dc20dc9
cottagecor_1.jpg,cottagecore,236,316,992d2737252baaa5
cottagecor_2.jpg,cottagecore,236,314,b1c7cc38c73bc622
cottagecor_3.jpg,cottagecore,236,334,c860221e7397d7d3
cottagecor_4.jpg,cottagecore,236,314,8313609a777985be
cottagecor_5.jpg,cottagecore,236,317,ca2974652f3c2cf4
cottagecor_6.jpg,cottagecore,236,236,94bfb3343a542f18
cottagecor_7.jpg,cottagecore,236,314,9333f119748ec333
cottagecor_8.jpg,cottagecore,236,314,933e3ec22eb67441
denim-on-d_0.jpg,denim_on_denim,236,419,b8e09d74733d4e11
denim-on-d_1.jpg,denim_on_denim,236,420,c75f8b369220cd95
denim-on-d_2.jpg,denim_on_denim,236,419,da72ee92c3a68e24
denim-on-d_3.jpg,denim_on_denim,236,419,b34e47313478ccf8
denim-on-d_4.jpg,denim_on_denim,236,419,ae1298abb5f55170
denim-on-d_5.jpg,denim_on_denim,236,354,c3e56ae26ee1680b
e-girl_aes_1.jpg,egirl_aesthetic,236,337,be9eb36281f031e2
e-girl_aes_10.jpg,egirl_aesthetic,576,1024,b5878abd0ab38c36
e-girl_aes_2.jpg,egirl_aesthetic,236,236,e6a4d40aa9b4975d
e-girl_aes_3.jpg,egirl_aesthetic,236,295,994b1366ed980b3b
e-girl_aes_4.jpg,egirl_aesthetic,236,259,8797322ada689d0f
e-girl_aes_5.jpg,egirl_aesthetic,236,419,9d8d6632906e959b
e-girl_aes_6.jpg,egirl_aesthetic,235,273,c60bd9f449cdf038
e-girl_aes_7.jpg,egirl_aesthetic,236,419,eb2d84ade5545523
e-girl_aes_8.jpg,egirl_aesthetic,236,324,aeb271f1b05a2bc8
e-girl_aes_9.jpg,egirl_aesthetic,235,294,fe9ed4783b130701
evening_go_10.jpg,evening_gown,236,315,f7c38c2cc0b74de0
evening_go_4.jpg,evening_gown,235,386,b4c39f38c32dc23c
evening_go_5.jpg,evening_gown,236,549,eae8855b98a995a5
evening_go_6.jpg,evening_gown,236,236,ef961ac90dec1233
evening_go_7.jpg,evening_gown,236,354,a3e646cb9c9998c9
evening_go_8.jpg,evening_gown,236,354,ee849e58e516a27a
evening_go_9.jpg,evening_gown,235,322,f2cb9c81cf84827e
gender-neu_1.jpg,gender_neutral,236,383,c81f11e5733cb14b
gender-neu_2.jpg,gender_neutral,236,236,962d181e6948efea
gender-neu_3.jpg,gender_neutral,235,272,e179396acd669826
gender-neu_4.jpg,cottagecore,235,306,f93c522cd26cb24e
gender-neu_5.jpg,layered,236,236,eab5d24a1f68903b
gender-neu_6.jpg,gender_neutral,236,314,c3c0f05bb124fd66
gender-neu_7.jpg,gender_neutral,236,322,cd1cb35b34e216cc
gender-neu_8.jpg,gender_neutral,236,354,b076c3c3c37c2ccc
grunge_pun_1.jpg,grunge_punk,236,236,e514d3c4cccd721b
grunge_pun_2.jpg,grunge_punk,236,312,e4e79e99134646c6
grunge_pun_3.jpg,grunge_punk,235,344,f8fdd13ae2285846
grunge_pun_4.jpg,grunge_punk,236,314,bb738e6ca612c91c
grunge_pun_5.jpg,grunge_punk,236,435,a098db9b5a4dac74
grunge_pun_6.jpg,grunge_punk,236,537,e6199ca4e751f0f0
layered_fa_0.jpg,layered,236,360,e289de8bc9dd0878
layered_fa_1.jpg,layered,236,354,8b197dde1acac12c
layered_fa_2.jpg,layered,236,420,b73d9692d8709bc0
layered_fa_3.jpg,layered,236,354,b25943c59c9ce6c6
layered_fa_4.jpg,layered,236,355,e78dc0f91d01719e
layered_fa_5.jpg,layered,236,354,f124ce746c13f247
minimalist_0.jpg,minimalist,236,419,b2b9c8e1310367fc
minimalist_10.jpg,minimalist,236,420,e526b603d8690df9
minimalist_2.jpg,minimalist,236,419,f05aab296e668d31
minimalist_3.jpg,minimalist,236,419,c863e28cdb99cd64
minimalist_4.jpg,minimalist,236,420,8da8b0335f8c39cb
minimalist_5.jpg,minimalist,236,419,90f36b6466e73311
minimalist_6.jpg,minimalist,236,420,8e953be6c5499e42
minimalist_7.jpg,minimalist,236,419,8a02bd722bfd0ee1
minimalist_8.jpg,minimalist,236,354,8833f76d85272dc1
minimalist_9.jpg,minimalist,235,406,cae1868df191cdf0
modest_fas_10.jpg,modest,236,236,f7d79401ad359131
modest_fas_11.jpg,modest,236,354,bfa3a65ba14c44ac
modest_fas_12.jpg,modest,236,549,ce31249fa356b30d
modest_fas_13.jpg,modest,576,1024,d6eb2493da0a6565
modest_fas_14.jpg,modest,236,489,a5b61651d86eac66
modest_fas_15.jpg,modest,236,423,c9f0360f35b5360e
modest_fas_16.jpg,modest,236,329,f8a443f3b349cc0d
modest_fas_17.jpg,modest,236,419,af8f1070b7709978
modest_fas_18.jpg,monochrome,236,354,96a6708b67b1cad8
modest_fas_9.jpg,modest,236,314,b3b2932f176c941c
monochrome_0.jpg,monochrome,236,307,d3333336249ecccc
monochrome_1.jpg,monochrome,236,330,b133c3cdce3c328c
monochrome_2.jpg,monochrome,236,354,8a497836a17bc7e1
monochrome_3.jpg,monochrome,236,314,f0d08edb2dc7254c
monochrome_4.jpg,y2k_pastel,236,236,9bc60ea8657d7446
monochrome_5.jpg,monochrome,236,354,e5969e3898e71869
monochrome_6.jpg,monochrome,236,315,f3989ae525e6c219
monochrome_7.jpg,monochrome,236,419,a51fc653e51ac8e1
monochrome_8.jpg,business_casual,236,330,a4f29bcfcc2c9831
officewear_0.jpg,preppy_school,236,315,b325c39a9ec79838
officewear_1.jpg,officewear,236,354,e6da5a234919b966
officewear_2.jpg,y2k_pastel,236,314,9e83678721846fad
officewear_3.jpg,business_casual,236,236,e9cb917127668e8c
officewear_4.jpg,cottagecore,236,295,e69a89c59e6d9831
officewear_5.jpg,officewear,236,417,b319cece9892c936
officewear_6.jpg,officewear,236,354,b761341d6067667c
officewear_7.jpg,business_casual,236,421,f2cb8f61128ccd9c
officewear_8.jpg,officewear,236,432,f2a68c67b219d899
plus-size__0.jpg,plus_size,236,354,e1a28ed2970bf634
plus-size__1.jpg,plus_size,236,314,c2b0bd4e5b17b125
plus-size__2.jpg,plus_size,236,339,e5c79ac6ce38c861
plus-size__3.jpg,plus_size,236,483,ea3594c2d3e29b25
plus-size__4.jpg,plus_size,236,314,b4c7cf3c9a3298c1
plus-size__5.jpg,plus_size,236,391,e1319be692c66d98
plus-size__6.jpg,plus_size,236,314,b6d3cb1ec95ba420
plus-size__7.jpg,plus_size,236,354,e1b616e343e91ce8
plus-size__8.jpg,plus_size,235,318,b0d18f64c361933f
preppy_sch_10.jpg,egirl_aesthetic,236,420,bac2cdc68131bd1e
preppy_sch_2.jpg,vintage_90s,236,314,e881b4b7c75a4b4c
preppy_sch_3.jpg,vintage_90s,236,364,990e59f26f13e609
preppy_sch_4.jpg,vintage_90s,236,236,eabca57232c58e98
preppy_sch_5.jpg,y2k_pastel,236,420,b1a467c79e92196a
preppy_sch_6.jpg,gender_neutral,236,354,b407e1f20ed9db18
preppy_sch_7.jpg,preppy_school,236,354,b658dbb047415cf2
preppy_sch_8.jpg,gender_neutral,236,420,f2a54b9ccd4a8875
preppy_sch_9.jpg,vintage_90s,236,420,a7c9d827d4d69960
quiet_luxu_0.jpg,quiet_luxury,236,424,e466a6366b9c9919
quiet_luxu_1.jpg,quiet_luxury,236,283,f3328b9929732798
quiet_luxu_2.jpg,quiet_luxury,236,314,b8b847c3439949e7
quiet_luxu_3.jpg,quiet_luxury,235,320,a6ae8c39770e346c
quiet_luxu_4.jpg,quiet_luxury,236,424,e5389ec3cb2c9926
quiet_luxu_5.jpg,quiet_luxury,236,295,b693ce969169cd88
quiet_luxu_6.jpg,quiet_luxury,236,315,b3a00cc2cfc3c74f
rainy_day__0.jpg,rainy_day,236,354,b6321cd12fc3c1cd
rainy_day__1.jpg,rainy_day,236,472,89c6111dd61bf9b1
rainy_day__2.jpg,rainy_day,236,419,9c43bed6b1ea4289
rainy_day__3.jpg,rainy_day,236,472,a14cf0f2fc58ab2c
rainy_day__4.jpg,rainy_day,236,354,e49b12e847e4b9d4
rainy_day__5.jpg,rainy_day,236,354,f8fc46a78bb59480
retro_summ_0.jpg,summer_festival,236,314,8ecd8e0e47f1a19a
retro_summ_1.jpg,korean_street,236,319,a49d7e624a4f435a
retro_summ_2.jpg,retro_summer,236,295,858fc35232307beb
retro_summ_3.jpg,retro_summer,236,236,f873c7a4a4390b4b
retro_summ_4.jpg,grunge_punk,236,315,e56d9248789b6c63
retro_summ_5.jpg,vintage_90s,236,236,bcc7c3e49b1a9838
retro_summ_6.jpg,korean_street,236,314,a2050eeb6bb2378d
retro_summ_7.jpg,retro_summer,236,295,ba98d8f1d5a62652
retro_summ_8.jpg,grunge_punk,236,354,bee26227095d9f50
retro_summ_9.jpg,retro_summer,236,293,f9d3b9b112c290b9
summer_fes_1.jpg,summer_festival,236,354,b79c0eec78f3060c
summer_fes_2.jpg,summer_festival,236,366,e9b3948e1371e8a5
summer_fes_3.jpg,boho_beach,236,354,e3b62133b990f788
summer_fes_4.jpg,summer_festival,236,314,91b2a6cd4c5c49f3
summer_fes_5.jpg,boho_beach,236,314,d2238d1669da368f
summer_fes_6.jpg,summer_festival,236,354,d3a0a6c8ba87a4af
summer_fes_7.jpg,summer_festival,236,421,ca25343db7141f17
summer_fes_8.jpg,summer_festival,236,420,8ecb3454f3130f4e
techwear_m_10.jpg,techwear_minimal,236,389,b0b1cb83df0ccc66
techwear_m_11.jpg,techwear_minimal,236,384,e7d516a88d69c07a
techwear_m_12.jpg,techwear_minimal,236,295,9d71f22acee2a8a4
techwear_m_13.jpg,techwear_minimal,236,295,b2b18e6cc4cb91da
techwear_m_14.jpg,techwear_minimal,236,354,94c9073b6e492b37
techwear_m_15.jpg,techwear_minimal,236,236,ef8cd4a3a3e15c48
techwear_m_7.jpg,techwear_minimal,236,301,b8264b6c3e79c472
techwear_m_8.jpg,techwear_minimal,236,393,a44bb84bbc59b859
techwear_m_9.jpg,techwear_minimal,236,295,e41e8e0bd9855b8e
techwear_o_10.jpg,techwear_outerwear,236,465,e876c759661ae20d
techwear_o_11.jpg,techwear_outerwear,236,354,e30dcff24c1e1871
techwear_o_13.jpg,techwear_outerwear,236,354,e51acd969a49c969
techwear_o_14.jpg,techwear_outerwear,236,361,f457cdb296309619
techwear_o_15.jpg,techwear_outerwear,236,354,b109ce93986d4d73
techwear_o_17.jpg,techwear_outerwear,236,314,e6049b1bd95454fc
techwear_o_8.jpg,techwear_outerwear,236,295,a3939c98cecc6672
techwear_o_9.jpg,techwear_outerwear,236,327,e36494c7c4a49edc
vintage_90_0.jpg,vintage_90s,235,235,e1699e96969878d8
vintage_90_1.jpg,vintage_90s,236,236,e887851e9a389f35
vintage_90_2.jpg,vintage_90s,236,236,fc83832b2cd43337
vintage_90_3.jpg,vintage_90s,236,236,ddac3c0d799602e3
vintage_90_4.jpg,vintage_90s,236,314,fab8854d859393d4
vintage_90_5.jpg,vintage_90s,235,290,f94b8e958526c5ac
vintage_90_6.jpg,vintage_90s,236,354,b1924d4ee2194ef3
vintage_90_7.jpg,vintage_90s,236,236,e059e78652f89d34
