filename,filename_label,clip_label,clip_confidence,clip_top3
Korean_str_0.jpg,korean_street,techwear_minimal,0.6189,techwear_minimal|layered|gender_neutral
Korean_str_2.jpg,korean_street,modest,0.9474,modest|vintage_90s|techwear_minimal
Korean_str_3.jpg,korean_street,vintage_90s,0.3851,vintage_90s|layered|grunge_punk
Korean_str_4.jpg,korean_street,grunge_punk,0.4967,grunge_punk|techwear_minimal|vintage_90s
Y2K_pastel_8.jpg,y2k_pastel,denim_on_denim,0.5912,denim_on_denim|grunge_punk|summer_festival
boho_beach_4.jpg,boho_beach,evening_gown,0.974,evening_gown|summer_festival|quiet_luxury
business_c_15.jpg,business_casual,modest,0.5976,modest|minimalist|officewear
business_c_19.jpg,business_casual,denim_on_denim,0.2682,denim_on_denim|vintage_90s|gender_neutral
e-girl_aes_9.jpg,egirl_aesthetic,modest,0.934,modest|korean_street|evening_gown
gender-neu_3.jpg,gender_neutral,modest,0.3063,modest|indian_ethnic|summer_festival
gender-neu_4.jpg,gender_neutral,techwear_minimal,0.573,techwear_minimal|layered|modest
gender-neu_5.jpg,gender_neutral,layered,0.8438,layered|denim_on_denim|vintage_90s
layered_fa_2.jpg,layered,rainy_day,0.4807,rainy_day|grunge_punk|vintage_90s
minimalist_3.jpg,minimalist,korean_street,0.4794,korean_street|techwear_minimal|layered
minimalist_6.jpg,minimalist,egirl_aesthetic,0.2992,egirl_aesthetic|business_casual|officewear
minimalist_9.jpg,minimalist,vintage_90s,0.6785,vintage_90s|retro_summer|monochrome
modest_fas_12.jpg,modest,y2k_pastel,0.8006,y2k_pastel|cottagecore|evening_gown
modest_fas_13.jpg,modest,officewear,0.6648,officewear|quiet_luxury|minimalist
modest_fas_15.jpg,modest,y2k_pastel,0.968,y2k_pastel|vintage_90s|gender_neutral
modest_fas_17.jpg,modest,minimalist,0.59,minimalist|vintage_90s|gender_neutral
modest_fas_18.jpg,modest,gender_neutral,0.3983,gender_neutral|monochrome|layered
monochrome_0.jpg,monochrome,gender_neutral,0.2358,gender_neutral|minimalist|techwear_minimal
monochrome_2.jpg,monochrome,gender_neutral,0.3554,gender_neutral|evening_gown|modest
monochrome_3.jpg,monochrome,business_casual,0.2901,business_casual|officewear|plus_size
monochrome_4.jpg,monochrome,y2k_pastel,0.7316,y2k_pastel|vintage_90s|gender_neutral
monochrome_5.jpg,monochrome,techwear_minimal,0.2185,techwear_minimal|quiet_luxury|evening_gown
monochrome_6.jpg,monochrome,techwear_minimal,0.8193,techwear_minimal|minimalist|korean_street
monochrome_7.jpg,monochrome,techwear_minimal,0.538,techwear_minimal|gender_neutral|business_casual
monochrome_8.jpg,monochrome,gender_neutral,0.4688,gender_neutral|denim_on_denim|vintage_90s
officewear_0.jpg,officewear,preppy_school,0.9963,preppy_school|gender_neutral|grunge_punk
officewear_1.jpg,officewear,business_casual,0.698,business_casual|minimalist|gender_neutral
officewear_2.jpg,officewear,y2k_pastel,0.367,y2k_pastel|retro_summer|cottagecore
officewear_3.jpg,officewear,gender_neutral,0.6667,gender_neutral|minimalist|vintage_90s
officewear_4.jpg,officewear,modest,0.6352,modest|cottagecore|evening_gown
officewear_6.jpg,officewear,business_casual,0.4749,business_casual|plus_size|gender_neutral
officewear_7.jpg,officewear,gender_neutral,0.6717,gender_neutral|cottagecore|business_casual
officewear_8.jpg,officewear,minimalist,0.3133,minimalist|gender_neutral|vintage_90s
preppy_sch_10.jpg,preppy_school,egirl_aesthetic,0.7213,egirl_aesthetic|y2k_pastel|gender_neutral
preppy_sch_2.jpg,preppy_school,vintage_90s,0.3159,vintage_90s|egirl_aesthetic|gender_neutral
preppy_sch_3.jpg,preppy_school,vintage_90s,0.8618,vintage_90s|korean_street|gender_neutral
preppy_sch_4.jpg,preppy_school,vintage_90s,0.7971,vintage_90s|egirl_aesthetic|denim_on_denim
preppy_sch_5.jpg,preppy_school,y2k_pastel,0.787,y2k_pastel|egirl_aesthetic|vintage_90s
preppy_sch_6.jpg,preppy_school,gender_neutral,0.6153,gender_neutral|cottagecore|minimalist
preppy_sch_8.jpg,preppy_school,gender_neutral,0.4003,gender_neutral|egirl_aesthetic|summer_festival
preppy_sch_9.jpg,preppy_school,vintage_90s,0.2459,vintage_90s|gender_neutral|plus_size
quiet_luxu_3.jpg,quiet_luxury,business_casual,0.8418,business_casual|denim_on_denim|layered
quiet_luxu_5.jpg,quiet_luxury,gender_neutral,0.6782,gender_neutral|minimalist|business_casual
quiet_luxu_6.jpg,quiet_luxury,modest,0.3092,modest|officewear|business_casual
retro_summ_0.jpg,retro_summer,summer_festival,0.5377,summer_festival|grunge_punk|vintage_90s
retro_summ_1.jpg,retro_summer,korean_street,0.5251,korean_street|plus_size|vintage_90s
retro_summ_10.jpg,retro_summer,summer_festival,0.2164,summer_festival|preppy_school|vintage_90s
retro_summ_4.jpg,retro_summer,denim_on_denim,0.3881,denim_on_denim|grunge_punk|summer_festival
retro_summ_5.jpg,retro_summer,vintage_90s,0.467,vintage_90s|egirl_aesthetic|plus_size
retro_summ_6.jpg,retro_summer,denim_on_denim,0.8076,denim_on_denim|vintage_90s|summer_festival
retro_summ_8.jpg,retro_summer,grunge_punk,0.8418,grunge_punk|vintage_90s|plus_size
summer_fes_3.jpg,summer_festival,boho_beach,0.6927,boho_beach|gender_neutral|retro_summer
summer_fes_5.jpg,summer_festival,boho_beach,0.6967,boho_beach|vintage_90s|retro_summer
summer_fes_8.jpg,summer_festival,denim_on_denim,0.9147,denim_on_denim|gender_neutral|vintage_90s
techwear_o_8.jpg,techwear_outerwear,techwear_minimal,0.9764,techwear_minimal|vintage_90s|grunge_punk
