filename,corrected_label
Korean_str_4.jpg,grunge_punk
Y2K_pastel_8.jpg,denim_on_denim
boho_beach_4.jpg,evening_gown
business_c_15.jpg,officewear
gender-neu_4.jpg,cottagecore
gender-neu_5.jpg,layered
modest_fas_18.jpg,monochrome
monochrome_4.jpg,y2k_pastel
monochrome_8.jpg,business_casual
officewear_0.jpg,preppy_school
officewear_2.jpg,y2k_pastel
officewear_3.jpg,business_casual
officewear_4.jpg,cottagecore
officewear_7.jpg,business_casual
preppy_sch_10.jpg,egirl_aesthetic
preppy_sch_2.jpg,vintage_90s
preppy_sch_3.jpg,vintage_90s
preppy_sch_4.jpg,vintage_90s
preppy_sch_5.jpg,y2k_pastel
preppy_sch_6.jpg,gender_neutral
preppy_sch_8.jpg,gender_neutral
preppy_sch_9.jpg,vintage_90s
retro_summ_0.jpg,summer_festival
retro_summ_1.jpg,korean_street
retro_summ_10.jpg,REMOVE
retro_summ_4.jpg,grunge_punk
retro_summ_5.jpg,vintage_90s
retro_summ_6.jpg,korean_street
retro_summ_8.jpg,grunge_punk
summer_fes_3.jpg,boho_beach
summer_fes_5.jpg,boho_beach
